,id,img,subs,title,videos,views
0,UCzVHR-L6-UjR78m-F5Xvkvw,https://yt3.ggpht.com/a-/ACSszfEq4KtlBc3K7mpdIMSqfUplZeRmdA1Zc8ZBog=s240-mo-c-c0xffffffff-rj-k-no,8866,Man Vs VR,158,1591357
1,UCDkXsG30iEm0BBEqtUK5PXg,https://yt3.ggpht.com/a-/ACSszfHcxZcV4hN20qGP1uUE1wZOIZ1LB3fpHmkOcw=s240-mo-c-c0xffffffff-rj-k-no,8162,Tails VR,11,223691
2,UCv-TUx9d4WANjeQHaX1xplw,https://yt3.ggpht.com/a-/ACSszfFIhhj_77p522aSg_TFjJxBfQGzqyLCItLAaw=s240-mo-c-c0xffffffff-rj-k-no,19600,VR Kanal,64,5043531
3,UC4mkmfU3NU72V7_3qZestpA,https://yt3.ggpht.com/a-/ACSszfHvWf9o5SpWgydZFHxKuCGFGAXH5mczzHIYPQ=s240-mo-c-c0xffffffff-rj-k-no,3145,AltspaceVR,245,719638
6,UCppmfGARcU8hMR9DQTdFrNQ,https://yt3.ggpht.com/a-/ACSszfHXzfCZ-9igwcxrTHubgENxpZHl4hyA5fdCNA=s240-mo-c-c0xffffffff-rj-k-no,40928,Virtual Reality 3D,49,10218185
7,UCuDUehVokTrXZUseZYyAJBA,https://yt3.ggpht.com/a-/ACSszfEsQZu2RQ4v-TjUlUVgi3TF4Na7Ymy0mLtIAw=s240-mo-c-c0xffffffff-rj-k-no,23622,VR Videos - 3D Videos,44,4552650
8,UCSVjrpufOzTd3jZsUGs-L0g,https://yt3.ggpht.com/a-/ACSszfFa_VSz5KIcbjJjKrOgCAddenokHlM0SBk6xQ=s240-mo-c-c0xffffffff-rj-k-no,5614,Ben Plays VR,242,711404
9,UCYSq5GP3RHkiwttYJL7nlqA,https://yt3.ggpht.com/a-/ACSszfGkbEnKdfq5-Qmg7zSoYXVVYzFFzjqjYuvc8Q=s240-mo-c-c0xffffffff-rj-k-no,2592,OneWorldVR,53,1163071
10,UCKq0XaY7T_JsigYmirBup3Q,https://yt3.ggpht.com/a-/ACSszfE0RjguvGvxKNtYqigr3OVTPlaM2yJw1V3fQQ=s240-mo-c-c0xffffffff-rj-k-no,6788,UKRifter VR,505,851362
12,UCZkQFsaPqfYGC8oSRZJeXzg,https://yt3.ggpht.com/a-/ACSszfFNY8vUmlPC-FEuVfy6UDxX_vANN2pE_oHkvg=s240-mo-c-c0xffffffff-rj-k-no,1473,WOW VR 360 VIDEO,2,99767
13,UCNWZ8Ztc8UM7TyOGMa6G55A,https://yt3.ggpht.com/a-/ACSszfEKPt-g4ADbGDgXLzb611UcUa3xh-hvM4TiDg=s240-mo-c-c0xffffffff-rj-k-no,3771,VR Singe Rh√©torik,380,638510
15,UCfl1fku1XDoTi9NYPINxwpg,https://yt3.ggpht.com/a-/ACSszfFtljX5eqcbXj8pSznJMTpB7OsrrJNcUMWtqw=s240-mo-c-c0xffffffff-rj-k-no,25973,Discovery VR,53,32207013
16,UC9vHYmDCBCCE2OroUYCjbdw,https://yt3.ggpht.com/a-/ACSszfETci6rWPzIBAL_2O3Rxw1RlzywWCoGjnSWXg=s240-mo-c-c0xffffffff-rj-k-no,159,Vr Storytelling,120,38872
19,UCcyYM25SfSahGD4xnSx3DNw,https://yt3.ggpht.com/a-/ACSszfEoJFMQETlNLzH5GCveRJTOEiBgw4SHU3ZlUg=s240-mo-c-c0xffffffff-rj-k-no,55352,IGN VR,125,14084599
22,UCwurTtFzOJXlCvdQl2RpqjA,https://yt3.ggpht.com/a-/ACSszfECgFQay432cPMdDgZXP0b0yJgPd0e_-FhzQw=s240-mo-c-c0xffffffff-rj-k-no,2609,VR Roundtable,253,215782
24,UCvrGQH-2oAl3p64VOmQ8kxA,https://yt3.ggpht.com/a-/ACSszfGiRVzfACWM19y307NChp87dq924JIXYu5iIg=s240-mo-c-c0xffffffff-rj-k-no,155024,VR Trapman,67,8804826
25,UCsnN-w6D9x9Vk7lKmxNJc-A,https://yt3.ggpht.com/a-/ACSszfH9vO_dtxhOw-OvlK_RESflDtbEfJpY8TaMPQ=s240-mo-c-c0xffffffff-rj-k-no,149,VR,25,210347
27,UCbOxicTzQVr_9C6NJMmCfaw,https://yt3.ggpht.com/a-/ACSszfEPP162dfN0d8Y6jCxC8ah3RVWv-QvTBRXPpw=s240-mo-c-c0xffffffff-rj-k-no,419,eyecad VR,19,66803
28,UCkRyqjV0MMw9L4AFQPNpTrQ,https://yt3.ggpht.com/a-/ACSszfHD4n-Ht6YCLkWrdsBPOanLl0-kEO5ayWt9LQ=s240-mo-c-c0xffffffff-rj-k-no,27474,Lesma VR,182,1235861
29,UCzt1IreM7zsmD2h3DVvrPTQ,https://yt3.ggpht.com/a-/ACSszfGtTppgYL2-aHsnBQAEVjqGFuYUzika6u5y5w=s240-mo-c-c0xffffffff-rj-k-no,2990,Vr 360,18,1108485
30,UCYVahmzi2XBQCyA_3FRsApA,https://yt3.ggpht.com/a-/ACSszfFFeBiQZ1GS4460yIuxRoZBrgYE1xjm9DN_3Q=s240-mo-c-c0xffffffff-rj-k-no,185,DerMetallaffe VR,269,25937
32,UCnsAq8DF3xfWjC9sm_r_h2w,https://yt3.ggpht.com/a-/ACSszfElzDGaBPPVBBVSPE7RwsSTttnuvZi7PiR85Q=s240-mo-c-c0xffffffff-rj-k-no,20465,PSVR Without Parole,968,4449513
33,UCrpWCVp9FuGA8OnGtA0rgsw,https://yt3.ggpht.com/a-/ACSszfHaAtt_3LmuFTd5-ZmKJVYVGV15vN4Vy7b-vg=s240-mo-c-c0xffffffff-rj-k-no,618673,TheVR,1082,225481193
35,UCtbotkB54vtFKhtFmKH8XzQ,https://yt3.ggpht.com/a-/ACSszfHfde53QPlb2jo3_RqpFjE9ef9tmHe4KENXVQ=s240-mo-c-c0xffffffff-rj-k-no,246,PP GUN VR,40,72935
36,UCg3gAifV0z9jGRwBWMvc9Dw,https://yt3.ggpht.com/a-/ACSszfHfF8Ynje7KkRvDwxiHzlCZizYpR9FwBHQJQg=s240-mo-c-c0xffffffff-rj-k-no,18345,Photos of Africa VR Safari,4484,10164301
37,UCQX41elvPY7V6Wy60n4Dk-A,https://yt3.ggpht.com/a-/ACSszfHuvco06hFtrEWcL7XCrb3iOrbfpgdz1N4LKA=s240-mo-c-c0xffffffff-rj-k-no,1916,Helixxvr,435,228982
38,UC057maecMWERHCu19nNIJUg,https://yt3.ggpht.com/a-/ACSszfFEAFNV-STxCqTo10sKwCWkw_JErp3NqO6PYQ=s240-mo-c-c0xffffffff-rj-k-no,22,VR,18,1795
39,UCAdEK7fp4GtXpJy04C7cl2A,https://yt3.ggpht.com/a-/ACSszfEWbpz-oCDwoyqmZ-FD1kNnyK7c0w6-Lm_C6A=s240-mo-c-c0xffffffff-rj-k-no,289,XTreme VR,15,47553
42,UCeJ7N3M64MAi6uLPpCcx8XA,https://yt3.ggpht.com/a-/ACSszfH-GWV0BquZ1137crfr_Tas9O9H8StjP5eWzA=s240-mo-c-c0xffffffff-rj-k-no,2270,VR Forum,37,426975
43,UCFGj4csMV3R9qIIolbo3l6A,https://yt3.ggpht.com/a-/ACSszfEq57B3GsqqLuSjoEyKX1HpPy9lnWVaVAwElg=s240-mo-c-c0xffffffff-rj-k-no,2261,NecrosVR,23,26798
44,UC8QL0ees7J7go7-gGwYCXtA,https://yt3.ggpht.com/a-/ACSszfEWA1p8LTpNsNB5VaLCoKORksukFFudGPm4EQ=s240-mo-c-c0xffffffff-rj-k-no,687,ROB VR,220,48485
48,UCkKQAF2jBhzLIGfO9uvqI4A,https://yt3.ggpht.com/a-/ACSszfETIWaEXJg-BwQ1HLKVgK-ECa25WLzGS2W1tA=s240-mo-c-c0xffffffff-rj-k-no,426,VR CLOPS,67,133942
49,UCgH3ODZVQQNv8SD774ApLOQ,https://yt3.ggpht.com/a-/ACSszfHngCXsNFWkCyb1jZsOLVuXPMC9yNFc0B79Ew=s240-mo-c-c0xffffffff-rj-k-no,14686,Reality Check VR,793,3124787
51,UCsl2jB5seaH92eKvHhQHm7w,https://yt3.ggpht.com/a-/ACSszfEGkO_J0Gc--VFVv8F8H0NHsDiXPVczjc4oJA=s240-mo-c-c0xffffffff-rj-k-no,6818,The VR Vault,74,1237880
52,UCY-OJelLZXssnD3nu828LoQ,https://yt3.ggpht.com/a-/ACSszfGhFbLXNNixc2cWoUMdvbSUBrDMZI2J83uldg=s240-mo-c-c0xffffffff-rj-k-no,1570,mo fun VR,707,376576
54,UC-YhmxzMnDjfoTt74p4ttdg,https://yt3.ggpht.com/a-/ACSszfFnLbcwTJURLvrV7JwnEqaK-IkCK7AgYuR4Og=s240-mo-c-c0xffffffff-rj-k-no,17904,VR Director,46,5135625
55,UCJsH57Rb49YKc-az9bKX6xA,https://yt3.ggpht.com/a-/ACSszfFaiE3cObTPd7raXEbQ_RSfhqI3TO14CEUKZQ=s240-mo-c-c0xffffffff-rj-k-no,84515,Max Deacon VR,99,25756091
56,UCLO98KHpNx6JwsdnH04l9yQ,https://yt3.ggpht.com/a-/ACSszfFrxojOaoAxxgngMev85btVQ2isTLmza8bWWQ=s240-mo-c-c0xffffffff-rj-k-no,12511,FusedVR,180,933312
57,UCAKI5y35TeSqhiyam15vRxA,https://yt3.ggpht.com/a-/ACSszfEBA3I_5DriC48Ko704qqsWyC4aH8EqHN52lA=s240-mo-c-c0xffffffff-rj-k-no,2633,VR Shop,127,1052810
60,UCQWchj0C80h2txt5slCaYvw,https://yt3.ggpht.com/a-/ACSszfH5vEEW7havUIKJLMexv9zO6AVtERmdY0gHJg=s240-mo-c-c0xffffffff-rj-k-no,10011,CodoStudio VR,39,4702248
63,UCnpj2p45DO7CsvFKJjqeh3Q,https://yt3.ggpht.com/a-/ACSszfGMIrdN03IuTSrz_-7U3RiYbFjb7hfx8JINWg=s240-mo-c-c0xffffffff-rj-k-no,8672,VRScout,139,3120545
64,UCKRBahAT97lIuOhSILa0uQQ,https://yt3.ggpht.com/a-/ACSszfGRlo_IThm0kjMl4BXj47HoxVZ8MbWSLIeMeA=s240-mo-c-c0xffffffff-rj-k-no,8829,Hoopermation VR,305,3131261
65,UC01zuMFKEHetKEAjbCpQY3A,https://yt3.ggpht.com/a-/ACSszfH67rVJZztCKpR9SDSljtaP5W4zEcLnzZ8--g=s240-mo-c-c0xffffffff-rj-k-no,3579,VR Reviews,972,1244840
66,UCBIFog5PKOGilPKQrDVvH7w,https://yt3.ggpht.com/a-/ACSszfG6kh5BBBbSTUsyML5I3di5dCAAFzclBJsmRg=s240-mo-c-c0xffffffff-rj-k-no,5999,VR 3D Play HD 1080P,801,3558982
67,UCY782fxMAQ-0iFqxqKMLa7w,https://yt3.ggpht.com/a-/ACSszfFPyl-YJ4B9iI6HnRGXQvnIlp8_S3eVfvNEnQ=s240-mo-c-c0xffffffff-rj-k-no,692,VR,2,81428
71,UCKBTmfqMUlvKjowWtiwcCxw,https://yt3.ggpht.com/a-/ACSszfFY7HrxRbggC1WamY4pMLuaHYioNctKSYhAEg=s240-mo-c-c0xffffffff-rj-k-no,22720,SleevedBiker VR,196,3020801
73,UCTyCP4L9Mb5QeWrlxy8bw0A,https://yt3.ggpht.com/a-/ACSszfGnplVh8kcp-9MaddAen265Nh9tC6_uYS4-fg=s240-mo-c-c0xffffffff-rj-k-no,4854,The VR Shop,1061,1265180
74,UCX5Uqz9EOZDrHOCLezBs0yA,https://yt3.ggpht.com/a-/ACSszfEdNmlxYTkdm_z4_6-yGzKok0pC_2fVPxWCJw=s240-mo-c-c0xffffffff-rj-k-no,36240,OniricFlow VR,22,17493789
78,UCx78qBGQl-oCvGwX-MaVRgA,https://yt3.ggpht.com/a-/ACSszfFcC9rJzqfbD_pX-fZKLB9tD4COmY03mLD8Kg=s240-mo-c-c0xffffffff-rj-k-no,22400,Road to VR,465,12017163
79,UCqfuAd_nL5E2OijxzO2kwng,https://yt3.ggpht.com/a-/ACSszfG04Fx-BOf8RNHUrm4QwWeS3RikWnS9WZFDsA=s240-mo-c-c0xffffffff-rj-k-no,14562,VR Polska,143,1870562
80,UCQzr8rL54sjs2X1cNsQ67fw,https://yt3.ggpht.com/a-/ACSszfFZ0Oi5MOE679VbMZK5teiUrjTgj9DgAjWIAA=s240-mo-c-c0xffffffff-rj-k-no,1498,VR Juegos,423,350233
82,UCN0FGqUt7e79xKoPAZQ8tww,https://yt3.ggpht.com/a-/ACSszfF0wEc1fuDsqJOA90CYkXkIBc0Vqc18SCZ4Jg=s240-mo-c-c0xffffffff-rj-k-no,6990,Cas and Chary VR,250,786079
83,UCIM0QbIG4zBMXH026O34KFA,https://yt3.ggpht.com/a-/ACSszfHS5Gz0Vp9mVHbIot9UAn33nnLtGBrXGnTT7w=s240-mo-c-c0xffffffff-rj-k-no,843,Zitronenarzt VR,223,141930
84,UCzqE8i6r_11yGZFQMc_7Umw,https://yt3.ggpht.com/a-/ACSszfHSJsF-oocb_lB7PMsy6Jai19Eifjmf0qLvUg=s240-mo-c-c0xffffffff-rj-k-no,290,VR Girl,81,30534
85,UC-G8J3-X_N4LufamCC9KLkw,https://yt3.ggpht.com/a-/ACSszfFcdTQgSgKOKBZvgE3V_tG0Cjz-_5ivOMSruQ=s240-mo-c-c0xffffffff-rj-k-no,584,GeerHed VR,148,199294
86,UCLB9gBgv4TUJ_Mmoxs_8teQ,https://yt3.ggpht.com/a-/ACSszfG2FbBP2IkppH3ZzcUSmoyGhAF4NS3irfnL1w=s240-mo-c-c0xffffffff-rj-k-no,9047,AnGuuh Play VR,221,1870077
87,UC85OKmyt3WFiCQhlI0MJEyw,https://yt3.ggpht.com/a-/ACSszfH1HJCjxy_VNyJJ9IC1p3sBQI0RPywILXm0iA=s240-mo-c-c0xffffffff-rj-k-no,1310,VR League,66,25386
88,UCLMNaPy0h3-myRKys8kOx0Q,https://yt3.ggpht.com/a-/ACSszfH7wIds7dsaFJ63WPtgWNJAueLw2JUjtyryJQ=s240-mo-c-c0xffffffff-rj-k-no,3742,VR Pat,60,412094
90,UCA5qlP_iECKBtUBSDFz87PA,https://yt3.ggpht.com/a-/ACSszfH3y3E_YF8k8XrxdzeWvCtmjILuXrmx7RR6=s240-mo-c-c0xffffffff-rj-k-no,7875,Blick VR,48,1654303
91,UC-nEaDR_bDc7_5oZDOh7TMA,https://yt3.ggpht.com/a-/ACSszfFEnqBvE_braLX9qzSNaKeb9fIoeMri8jTVEw=s240-mo-c-c0xffffffff-rj-k-no,11126,Thamriyell VR,2006,1712480
94,UCqhdCURAA1Hjsm-BV4bAeVA,https://yt3.ggpht.com/a-/ACSszfGSGnSskgo5hxaVui5hlSyQq-Wo_N4pxqgLUg=s240-mo-c-c0xffffffff-rj-k-no,3027,VR matkalla,252,3719775
96,UCFbSe9JjETY4bYbkOEaD9TA,https://yt3.ggpht.com/a-/ACSszfEGqQYrmezl8mKn0S-SOuB9hMA1sJRO4rQZXg=s240-mo-c-c0xffffffff-rj-k-no,285,VR WORLD,24,346981
97,UCBw4Ppyn3me34GS3YXinZVA,https://yt3.ggpht.com/a-/ACSszfEU5OogiSO1sS9bfK5Px5E85plT7Ng4kvC6fQ=s240-mo-c-c0xffffffff-rj-k-no,13433,shadowVR,550,10688376
98,UCjiZp3nCCVoyLldnFIUoidg,https://yt3.ggpht.com/a-/ACSszfEjGfECxnH-UEpRzHomOghrBCrlWSPG2h5nuw=s240-mo-c-c0xffffffff-rj-k-no,6237,vrgamerdude,267,1421132
99,UCXMs4WDGNXNeZbOEVYw85SQ,https://yt3.ggpht.com/a-/ACSszfGBA0ecDLnqA-sfOqehloHUZZzgUE3mKDOMcA=s240-mo-c-c0xffffffff-rj-k-no,2365,VR Experience,66,372093
100,UCq1ptZvzac_3JzluQcBTS0Q,https://yt3.ggpht.com/a-/ACSszfGV5E3xSW6-QKLqjtHZrdRfHkffhk4VaE-8hg=s240-mo-c-c0xffffffff-rj-k-no,681,InsiteVR,28,152313
103,UC_jjKlEwF41_V3WqwUfs7jg,https://yt3.ggpht.com/a-/ACSszfFgZRkSRvwG9TEcivLoAA9c68BTBjAsnjoOIQ=s240-mo-c-c0xffffffff-rj-k-no,6427,VR Review,169,1764533
105,UC7fyxY9tD4y4BStnPeU43mw,https://yt3.ggpht.com/a-/ACSszfFfO1_h68_Ugdvxsie0rSvx7m0V_kIY9uTJeg=s240-mo-c-c0xffffffff-rj-k-no,4237,WankzVR,20,1143582
108,UCamBqlonGwKdTZ4QZrJp73Q,https://yt3.ggpht.com/a-/ACSszfFNWamPZyiBO6GUoprqp-uwz38F7BEet4cbOw=s240-mo-c-c0xffffffff-rj-k-no,124528,VR VIDEOS 3D,20,18578253
109,UC9QkKhXAwKY3UetaPdzYUCw,https://yt3.ggpht.com/a-/ACSszfHNEdwPktrW39olOOsGOsxzwQnHbxCX9BUtEA=s240-mo-c-c0xffffffff-rj-k-no,245,Neuvron - Virtual Reality,69,43152
110,UCDeRsDqcB8zdkzErxrdHCOw,https://yt3.ggpht.com/a-/ACSszfFYsuDGUlPqTRi5x6VfI4QszNfq1CwCCiRhTA=s240-mo-c-c0xffffffff-rj-k-no,264092,TheVR Tech,212,26746480
112,UCr6SBKmLurfoRXzZNPPlS0g,https://yt3.ggpht.com/a-/ACSszfGZF6L3EUr5ECddUlvBfnguFEAjn6RTugkIDg=s240-mo-c-c0xffffffff-rj-k-no,782,VR-Masters,63,533443
114,UCv__I_eDHy1dMfjBn1MP1BA,https://yt3.ggpht.com/a-/ACSszfFy_vtTe3nu37tEteK0ZFa1C6gu_TRpvHa-SQ=s240-mo-c-c0xffffffff-rj-k-no,32886,PSVR frank,688,5626023
115,UCQaf9ihgW8W7RwjiNjNcAaQ,https://yt3.ggpht.com/a-/ACSszfF57zvoGPvcVajqi8KXk8tNPpPvXY9H_gEz3g=s240-mo-c-c0xffffffff-rj-k-no,26184,"Mocha: Planar Tracking, VR & VFX Tools",263,2827760
116,UCg4FVjBRgvpUwCZS6Yi_yhw,https://yt3.ggpht.com/a-/ACSszfHOVmtLZYcdaj202cPWr_3b38Wsnd1F_81lCQ=s240-mo-c-c0xffffffff-rj-k-no,2267,KroVR,44,132164
117,UCp4Km9utjAcupTdE4Q6lVhA,https://yt3.ggpht.com/a-/ACSszfE7ze4JSDoSk9Vwob-flCAl2QPr3SGlmggQCA=s240-mo-c-c0xffffffff-rj-k-no,2451,Rahn MMD VR,54,311665
118,UCXiR5VZGA_xproMufNXLYZA,https://yt3.ggpht.com/a-/ACSszfHKCYxn5rhCBgo0BuAREclYetqjUyQnAdB81w=s240-mo-c-c0xffffffff-rj-k-no,47053,Seeker VR,24,6813228
119,UCsmk8NDVMct75j_Bfb9Ah7w,https://yt3.ggpht.com/a-/ACSszfE67g6YhWCxm80_dZk8aqEtbrX8ZC6LGhG5gg=s240-mo-c-c0xffffffff-rj-k-no,21508,Virtual Reality Oasis,280,3370556
120,UCCdQtUDJgSZKyn-uoWNmyEA,https://yt3.ggpht.com/a-/ACSszfGlkfNVVQlWby22-S0NVgNCYlOmfspcaPHWJw=s240-mo-c-c0xffffffff-rj-k-no,11730,NuVR,83,4432776
121,UCF9RAKFGIBThbFhYKFDOiWA,https://yt3.ggpht.com/a-/ACSszfE2VpY5qG0-y9ssiPEhpVNhaB0VT6roTsfe5g=s240-mo-c-c0xffffffff-rj-k-no,1612,MasterGamingVR,473,684881
126,UCLr5wHozooKG5Wyh7gu5gsQ,https://yt3.ggpht.com/a-/ACSszfGllrg8DImkPDS-irD-Xx_MJAxlP6uWRgaeqQ=s240-mo-c-c0xffffffff-rj-k-no,200,VR Gamer,66,10841
127,UCTx3hmGjc-UyOBD7bvNKjhw,https://yt3.ggpht.com/a-/ACSszfG0Umxoo672tHJjigjx2rQknddlDemJziaBgQ=s240-mo-c-c0xffffffff-rj-k-no,4317,Mikhail-VR Kovtun,373,2016172
128,UC3uDQSL4zgBuN7XgiEuP-gw,https://yt3.ggpht.com/a-/ACSszfF_YSSw08KyH6XX0_9mbc_smf_zzWcc_RN9Hg=s240-mo-c-c0xffffffff-rj-k-no,951,vrclubz,9,100882
129,UCmUtoSo0DTvrbH5ZRdw3dUA,https://yt3.ggpht.com/a-/ACSszfGPAtNoj_835vFrcrfnBRW6E8TFiAvd5_7ARQ=s240-mo-c-c0xffffffff-rj-k-no,8088,Vr Box 3d sbs & 360 video,60,1526237
130,UCPk4gyD9Yyi9s4FoYg918Wg,https://yt3.ggpht.com/a-/ACSszfHUONgzc0pVQDcb5DWviu29qfl_danoHU3tQQ=s240-mo-c-c0xffffffff-rj-k-no,436,Dr D VR,65,52909
131,UC-DhcadsG-X9iUXta0rCDNA,https://yt3.ggpht.com/a-/ACSszfGdxB9faCpWRWtGjVHXenWIQxTI5DZeArKaCQ=s240-mo-c-c0xffffffff-rj-k-no,8457,VR Kommando,108,2614012
133,UCROochQfs2p5KKH-WrFSd5w,https://yt3.ggpht.com/a-/ACSszfFfSTvd3rKdxNjbM9i5ew3bxxkQdW4Pi62e_g=s240-mo-c-c0xffffffff-rj-k-no,73173,Hummy's VR Comedy,36,2568496
134,UCnO5ygba3vsJG9IeZLndaTQ,https://yt3.ggpht.com/a-/ACSszfGLyAyaNsRk1WSJSSy6vbFA1m7xA31ilDqO8A=s240-mo-c-c0xffffffff-rj-k-no,608277,3D-VR-360 VIDEOS,75,128059732
136,UCy4byBjgXAhw29N5_sOncHQ,https://yt3.ggpht.com/a-/ACSszfHL3lY2j3i2CxRNfgvhWcH5DCgadjEaLujE2w=s240-mo-c-c0xffffffff-rj-k-no,1645,360 VR PRO,67,484013
140,UC6IVy__hc9NgrBYqpgfIQeg,https://yt3.ggpht.com/a-/ACSszfGwY6tHjGA1uZHJqrcKOh7sC0ECCKrHytjumw=s240-mo-c-c0xffffffff-rj-k-no,125119,VRAS . virtual reality adventure studios,84,13060287
141,UCsS-v1mMQaUA5NVXCfJjQhg,https://yt3.ggpht.com/a-/ACSszfEBj0g6jObYSSCttDnl3Grd2DWg9FcTdQWhsg=s240-mo-c-c0xffffffff-rj-k-no,1707,VR LA,148,235898
143,UCxW-mQWeCMlxXM7J1_1KoGQ,https://yt3.ggpht.com/a-/ACSszfHpw10D88Vpyjlufuyx3JDACKBEHjEogCEFkQ=s240-mo-c-c0xffffffff-rj-k-no,7,VR-Bank Kreis Steinfurt eG,30,2225
144,UCfR8rvIpmE7BkT7muHuvc_w,https://yt3.ggpht.com/a-/ACSszfFcgGrkr4vp1glTHG4VmDsARXoSLtEbaYiH7g=s240-mo-c-c0xffffffff-rj-k-no,15545,VR #1,44,3578373
145,UCOM-CPUGuNpIpNuxMoWThWA,https://yt3.ggpht.com/a-/ACSszfHwfcxoTOSAAzrfI_OyQ98U6NHenWLm2gxw1w=s240-mo-c-c0xffffffff-rj-k-no,461,Inception VR,178,175352
148,UCK5ETGlDjwsqD46ou7YcJcA,https://yt3.ggpht.com/a-/ACSszfGgjoCiFBRCjSOlKBuscm7aG5oSlcJATo1MBA=s240-mo-c-c0xffffffff-rj-k-no,544,VR Gaming Room,143,37445
149,UCeU-A380mgg_G_bS_f06qIA,https://yt3.ggpht.com/a-/ACSszfGE3zhgec8xOs7SxiWzxKO9_JBYrB_Vz3p55A=s240-mo-c-c0xffffffff-rj-k-no,1479,360 VR Videos,12,51263
151,UCDOhIp939flx9NDONCGZcRg,https://yt3.ggpht.com/a-/ACSszfFrrwaN09ebFPI5Augxxp3z_jM2HDq7lwYv8g=s240-mo-c-c0xffffffff-rj-k-no,3336,3D VR TV PC Games Videos,353,779560
153,UCtY-A10_CJjO6tdRm369XAw,https://yt3.ggpht.com/a-/ACSszfHnjDQ5mm4zkWwTzOxHCpwsQePosb-h5NGlpw=s240-mo-c-c0xffffffff-rj-k-no,205,NEWS VR,529,90541
154,UC0hn8mkARSzK_q93wxJBeNw,https://yt3.ggpht.com/a-/ACSszfE6taOQLQrNZv2qqyyPGWEs6lR_jdHe0Yp98Q=s240-mo-c-c0xffffffff-rj-k-no,9726,VR - MAN,524,254201
156,UCkrd7ZdrBIYt2g3Vc21VYeQ,https://yt3.ggpht.com/a-/ACSszfE-PecCfZuP81mGJrF39uIJW5wtU11iGgJtgQ=s240-mo-c-c0xffffffff-rj-k-no,40784,VR Source,109,1530408
159,UCWxk6GSeJveTOOW30pcj29g,https://yt3.ggpht.com/a-/ACSszfHdgIPfJ37TqYONiOzwvKge0mJq-uZuFA7_=s240-mo-c-c0xffffffff-rj-k-no,6695,VR Extra,228,1130929
160,UC3ok91FKp_SAtxhz63Ti3KQ,https://yt3.ggpht.com/a-/ACSszfHC4KV58kBMNbTXqoKsNOos7NJLX-XdwX41Cg=s240-mo-c-c0xffffffff-rj-k-no,8110,VoodooDE VR,2445,2101647
161,UCZMHNkWw6_-q2EcBtFCDgsA,https://yt3.ggpht.com/a-/ACSszfEWmlAf1_UXyursc5SOhlRPg1K3z-2zIee6pQ=s240-mo-c-c0xffffffff-rj-k-no,929,GamingByNight - Fortnite & Virtual Reality,26,105681
162,UC5lBL9piLzESlzzShLlFVnA,https://yt3.ggpht.com/a-/ACSszfHE_FiePkOxbNLq3bOY2xHZdGbekYzQF1yYVA=s240-mo-c-c0xffffffff-rj-k-no,6401,VRFocus,1509,2285395
163,UCTc3k4K-RhZ2oYxNepm-EBQ,https://yt3.ggpht.com/a-/ACSszfHddzUcV7FoS9AF85WSs-Ceu35AqQBTIVDFBg=s240-mo-c-c0xffffffff-rj-k-no,3514,Vr,79,3199
164,UCqDMvCa1tGak6AmijajiKOw,https://yt3.ggpht.com/a-/ACSszfEAdP5LotZiOGO232f1RsxyNLedF_pCWpdHWw=s240-mo-c-c0xffffffff-rj-k-no,14243,UploadVR,1656,8524275
167,UCMN5I_nEZAWCKqjbB2x_BUg,https://yt3.ggpht.com/a-/ACSszfFxVK81gGlO7BFVtMVK4vS-K2XijLuhfF8DwA=s240-mo-c-c0xffffffff-rj-k-no,3205,Pretty Neat VR,201,1922885
